,Cust_bankAcctID,face_id,confidence,identified_id,custID,verifiedID
0,1210_487601.jpg,47191105-60a8-484d-bd46-3e1e934771bb,0.77176,1226.jpg,1210,0.0
1,1226_734127.jpg,00bad3cc-b24c-4a4b-9a30-067c3253d6a2,0.88685,1210.jpg,1226,0.0
2,1256_637961.jpg,d6c565d8-b776-4179-a540-4f16d428cdb3,0.85421,1256.jpg,1256,1.0
3,1283_517647.jpg,413406e5-2af7-4672-9b73-336d97a710a8,0.84531,1283.jpg,1283,1.0
4,1360_568661.jpg,0f041c28-8319-4dd1-a06a-1ad18ce9886b,0.77559,1360.jpg,1360,1.0
5,1403_531589.jpg,38f64846-4f68-474e-a206-15a6939a42ba,0.68199,1403.jpg,1403,1.0
6,1439_484364.jpg,091aaa6d-7fc6-461d-8ee3-d1f31a34361b,0.57362,1439.jpg,1439,1.0
