,Cust_bankAcctID,face_id,confidence,identified_id,custID,verifiedID
0,1076_758334.jpg,2b9f5b07-35aa-4b99-84e4-cc95f256f774,0.71494,1233.jpg,1076,0.0
1,1233_208181.jpg,d45f3126-bb4f-4428-8820-2d1b5a559da6,0.73868,1076.jpg,1233,0.0
2,1392_443156.jpg,e42cbcf3-16de-4107-a380-9242a95b19a1,0.71771,1392.jpg,1392,1.0
3,1489_755491.jpg,0acb6dc6-468c-4bb9-a4fb-d20dc4885a63,0.67681,1489.jpg,1489,1.0
4,1536_583197.jpg,863029b4-2b57-44b4-ba4b-dc917447bf9c,0.57052,1536.jpg,1536,1.0
5,1763_258528.jpg,35c5870e-3b9e-4eca-b0b5-7a577fc628eb,0.74642,1763.jpg,1763,1.0
6,1802_329382.jpg,691841d5-ba43-4751-a070-35a7c7a55d44,0.78056,1802.jpg,1802,1.0
